[
  {
    "libraryIdentifier" : "7f980e0ea08f7e3fd11ad77b60443e69",
    "format" : "model",
    "displayName" : "bone.usdz"
  },
  {
    "libraryIdentifier" : "fd5738b873912ea1fcbdfca27ab7649f",
    "format" : "model",
    "displayName" : "cup_saucer_set.usdz"
  },
  {
    "libraryIdentifier" : "f6183a796400245c453550f8de5a54b7",
    "format" : "model",
    "displayName" : "egg.usdz"
  },
  {
    "libraryIdentifier" : "b3f5623af3b285ea8384bb3871d23803",
    "format" : "model",
    "displayName" : "metalbottle.usdz"
  }
]